EmpID,EmpName,EmpAge,EmpDept,EmpTeam,EmpSkills
2201,"Shayam Roy",35,IT,1,"Java,C++"
2202,"Vashnavi Saha",28,Sales,1,Outreach
2203,"Harpreet Kaur",42,Electrical,1,Vivado
2204,"Manavi Singh",32,Finance,1,Excel
2205,"Natasha Ali",40,Civil,1,AutoCAD
2206,"Gulsahay Arora",38,Mechanincal,2,SolidWorks
2207,"Kritika Das",26,IT,2,"Java Script,Ruby"
2208,"Bushan Pratap Singh",45,Electrical,2,MATLAB
2209,"Catherine ",36,Sales,2,"CRM Software"
2210,"Fiona Jha",33,Finance,2,Excel
2211,"Manjeet Singh",47,Civil,3,Revit
2212,"Rashmi Sethi",35,IT,3,"Python,Oracle"
2213,"Ushani Roy",57,Electrical,3,MATLAB
2214,"Amayra Singh",32,Sales,3,Outreach
2215,"Vishwadeep Das",53,Mechanical,3,SolidWorks
2216,"Kashish Singh",34,Finance,4,Excel
2217,"Kunal Kumar Jha",49,IT,4,Oracle
2218,"Pradeep  Kumar Rathod",55,Sales,4,"CRM Software"
2219,"Samsheer Kumar Chada",58,Civil,4,Revit
2220,"Aditi Chaudhary",40,Electrical,4,PSpice
2221,"Dhanyjeet Kaur",55,Sales,5,Outreach
2222,"Yukti ",25,Civil,5,AutoCAD
2224,"Zoravar Saha",59,Mechanical,5,SolidWorks
2225,"Nasleen Ali",47,Electrical,5,LabVIEW
2226,"Samyara Ahemed",31,IT,5,"Web Development"
